Kernel Name,sm__cycles_elapsed.avg.per_second,Count,lts__t_bytes.sum,sm__sass_thread_inst_executed_op_hadd_pred_on.sum,sm__sass_thread_inst_executed_op_fadd_pred_on.sum,sm__cycles_elapsed.avg,dram__bytes.sum,sm__sass_thread_inst_executed_op_fmul_pred_on.sum,sm__sass_thread_inst_executed_op_ffma_pred_on.sum,sm__sass_thread_inst_executed_op_hmul_pred_on.sum,sm__inst_executed_pipe_tensor.sum,sm__sass_thread_inst_executed_op_hfma_pred_on.sum,l1tex__t_bytes.sum,Time,CC FLOPs,TC FLOPs,all FLOPs,AI HBM,AI L2,AI L1,GFLOP/s,TC GFLOP/s
Volta_hmma_implicit_gemm_wgrad_fp32_nhwc_128x128x64x1_1x1x1x0x1,82665646982.34001,64,10481051872,0,130646016,13936867.360000001,2162582944,85852160,0,0,1243938816,0,10465427264,0.010789965887892352,216498176,636896673792,637113171968,294.60750799669677,60.787140427197,60.877894031102215,54991.63628538356,54972.94951280551
Volta_hmma_implicit_gemm_wgrad_fp32_nhwc_128x128x64x1_1x1x1x1x1,2601514463.93,2,81763008,0,2654208,324021.53,41097696,1441792,0,0,8978432,0,81176800,0.00024910223217480343,4096000,4596957184,4601053184,111.95404199787745,56.27304200941335,56.67941066905816,17202.03251433994,17186.718732394587
Volta_hmma_implicit_gemm_wgrad_fp32_nhwc_128x128x64x1_1x3x3x0x1,1310330642.98,1,400061856,0,4571136,2657819.98,126753632,2359296,0,0,254803968,0,392447808,0.002028358257695548,6930432,130459631616,130466562048,1029.2924943405171,326.11597454569625,332.44309023634554,59903.84292655429,59900.66081227593
Volta_hmma_implicit_gemm_wgrad_fp32_nhwc_128x256x32x1_1x3x3x0x1,2617618639.7799997,2,3791219008,0,5308416,6934581.779999999,346015072,1769472,0,0,764411904,0,3790646624,0.005298389669614228,7077888,391378894848,391385972736,1131.124059058329,103.23486243082267,103.25045079591149,68795.7312553447,68794.48714207896
Volta_hmma_implicit_gemm_wgrad_fp32_nhwc_64x32x64x1_1x1x1x0x1,5191848877.35,4,1247860192,0,6242304,1115016.97,561527232,3145728,0,0,53084160,0,1284891136,0.0008590519457254478,9388032,27179089920,27188477952,48.41880571875809,21.788080208267434,21.160141268186006,29475.7999351828,29465.62210347388
Volta_hmma_implicit_gemm_wgrad_fp32_nhwc_64x32x64x1_1x1x1x1x1,1291476549.24,1,89371488,0,1040384,119101.4,45621760,524288,0,0,3538944,0,89148288,9.222110929547118e-05,1564672,1811939328,1813504000,39.75085573200157,20.291751212646254,20.342555540718852,18314.21490435716,18298.413594151705
Volta_hmma_implicit_gemm_wgrad_fp32_nhwc_64x32x64x1_1x3x3x0x1,1307450832.45,1,751202720,0,1161216,646971.6,233825760,589824,0,0,31850496,0,765864448,0.000494834363130624,1751040,16307453952,16309204992,69.74939370238762,21.710790653154184,21.295158738064313,30695.383980581602,30692.088366528573
cask_cudnn::computeBOffsetsKernel(cask_cudnn::ComputeBOffsetsParams),2598514921.17,2,8576,0,0,9468.8,14080,0,0,0,0,0,256,7.287855015076537e-06,0,0,0,0.0,0.0,0.0,0.0,0.0
cask_cudnn::computeOffsetsKernel(cask_cudnn::ComputeOffsetsParams),2606341325.34,2,111744,0,0,10928.73,72064,0,0,0,0,0,62464,8.386261533549782e-06,0,0,0,0.0,0.0,0.0,0.0,0.0
cudnn::gemm::computeBOffsetsKernel(cudnn::gemm::ComputeBOffsetsParams),92137577298.86996,71,445888,0,0,279942.35000000003,654912,0,0,0,0,0,186496,0.00021571987708693285,0,0,0,0.0,0.0,0.0,0.0,0.0
cudnn::gemm::computeOffsetsKernel(cudnn::gemm::ComputeOffsetsParams),92007391763.54004,71,8623456,0,0,303126.4599999999,7606752,0,0,0,0,0,7504128,0.0002339157566308553,0,0,0,0.0,0.0,0.0,0.0,0.0
cudnn::gemm::computeWgradBOffsetsKernel(cudnn::gemm::ComputeBOffsetsParams),1300375600.96,1,4032,0,0,4320.0,6688,0,0,0,0,0,128,3.322117084333763e-06,0,0,0,0.0,0.0,0.0,0.0,0.0
cudnn::gemm::computeWgradSplitKOffsetsKernel(cudnn::gemm::ComputeOffsetsParams),1307893880.21,1,4032,0,0,3907.18,7136,0,0,0,0,0,128,2.9873830431660477e-06,0,0,0,0.0,0.0,0.0,0.0,0.0
dgrad_1x1_stride_2x2,3883401876.1200004,3,150555072,0,0,305037.23,105257888,0,0,0,12109824,0,150351808,0.0002356469196832932,0,6200229888,6200229888,58.90513296257664,41.1824710096781,41.23814652099162,24504.517480053408,24504.517480053408
"void SpatialClassNLLCriterion_updateGradInput_no_reduce_kernel<float>(long, THCDeviceTensor<long, 3, int, DefaultPtrTraits>, THCDeviceTensor<float, 3, int, DefaultPtrTraits>, THCDeviceTensor<float, 4, int, DefaultPtrTraits>, float*, long)",1309492042.23,1,171983392,0,0,236584.77,32816032,0,1769472,0,0,0,171637280,0.00018066911624534034,3538944,0,3538944,0.10784192311855376,0.020577242714226732,0.020618737374537746,18.242732936294,0.0
"void at::native::(anonymous namespace)::CatArrayBatchedCopy<float, unsigned int, 1>(float*, at::native::(anonymous namespace)::CatArrInputTensor<float, unsigned int>*, at::native::(anonymous namespace)::OutputTensorSizeStride<unsigned int, 4u>, int, unsigned int)",7833673665.26,6,452176768,0,0,806626.6099999999,453052000,0,0,0,0,0,489454336,0.0006178148167523095,0,0,0,0.0,0.0,0.0,0.0,0.0
"void at::native::(anonymous namespace)::cunn_SpatialSoftMaxBackward<float, float, float, at::native::(anonymous namespace)::LogSoftMaxBackwardEpilogue>(float*, float*, float*, unsigned int, unsigned int, unsigned int)",1308962621.07,1,69722656,0,10616832,116916.85,65341472,15925248,15925248,0,0,0,84934656,8.932023582493698e-05,58392576,0,58392576,0.8936525947869678,0.8374978715670269,0.6875,608.8466260359694,0.0
"void at::native::(anonymous namespace)::upsample_bilinear2d_backward_out_frame<float, float>(unsigned long, int, int, int, int, float, float, bool, float*, float const*)",1312272819.6,1,233626016,0,7077888,9156941.88,9462720,17694720,0,0,0,0,233570304,0.006977925430773741,24772608,0,24772608,2.6179162016840825,0.10603531414925982,0.10606060606060606,3.3063249659779985,0.0
"void at::native::im2col_kernel<c10::Half>(long, c10::Half const*, long, long, long, long, long, long, long, long, long, long, long, long, c10::Half*)",20875158169.39,16,2083756448,0,0,6805948.55,2006353792,0,0,0,0,0,4324042432,0.005216495890300699,0,0,0,0.0,0.0,0.0,0.0,0.0
"void at::native::legacy::elementwise_kernel<128, 4, at::native::gpu_kernel_impl<at::native::copy_device_to_device(at::TensorIterator&, bool)::{lambda()#1}::operator()() const::{lambda()#4}::operator()() const::{lambda(float)#1}>(at::TensorIterator&, at::native::copy_device_to_device(at::TensorIterator&, bool)::{lambda()#1}::operator()() const::{lambda()#4}::operator()() const::{lambda(float)#1} const&)::{lambda(int)#4}>(int, at::native::gpu_kernel_impl<at::native::copy_device_to_device(at::TensorIterator&, bool)::{lambda()#1}::operator()() const::{lambda()#4}::operator()() const::{lambda(float)#1}>(at::TensorIterator&, at::native::copy_device_to_device(at::TensorIterator&, bool)::{lambda()#1}::operator()() const::{lambda()#4}::operator()() const::{lambda(float)#1} const&)::{lambda(int)#4})",1299105447.17,1,14205760,0,0,30091.4,14243008,0,0,0,0,0,14155776,2.3163169753118786e-05,0,0,0,0.0,0.0,0.0,0.0,0.0
"void at::native::legacy::elementwise_kernel<128, 4, at::native::gpu_kernel_impl<at::native::copy_device_to_device(at::TensorIterator&, bool)::{lambda()#1}::operator()() const::{lambda()#8}::operator()() const::{lambda(c10::Half)#1}>(at::TensorIterator&, at::native::copy_device_to_device(at::TensorIterator&, bool)::{lambda()#1}::operator()() const::{lambda()#8}::operator()() const::{lambda(c10::Half)#1} const&)::{lambda(int)#3}>(int, at::native::gpu_kernel_impl<at::native::copy_device_to_device(at::TensorIterator&, bool)::{lambda()#1}::operator()() const::{lambda()#8}::operator()() const::{lambda(c10::Half)#1}>(at::TensorIterator&, at::native::copy_device_to_device(at::TensorIterator&, bool)::{lambda()#1}::operator()() const::{lambda()#8}::operator()() const::{lambda(c10::Half)#1} const&)::{lambda(int)#3})",5169943501.72,4,42899456,0,0,132715.68,45262240,0,0,0,0,0,42467328,0.00010268249930069565,0,0,0,0.0,0.0,0.0,0.0,0.0
"void at::native::legacy::elementwise_kernel<128, 4, at::native::gpu_kernel_impl<at::native::copy_device_to_device(at::TensorIterator&, bool)::{lambda()#1}::operator()() const::{lambda()#8}::operator()() const::{lambda(c10::Half)#1}>(at::TensorIterator&, at::native::copy_device_to_device(at::TensorIterator&, bool)::{lambda()#1}::operator()() const::{lambda()#8}::operator()() const::{lambda(c10::Half)#1} const&)::{lambda(int)#4}>(int, at::native::gpu_kernel_impl<at::native::copy_device_to_device(at::TensorIterator&, bool)::{lambda()#1}::operator()() const::{lambda()#8}::operator()() const::{lambda(c10::Half)#1}>(at::TensorIterator&, at::native::copy_device_to_device(at::TensorIterator&, bool)::{lambda()#1}::operator()() const::{lambda()#8}::operator()() const::{lambda(c10::Half)#1} const&)::{lambda(int)#4})",81207693207.15,63,2246969440,0,0,4823222.81,2233830976,0,0,0,0,0,2710461440,0.0037418011155037475,0,0,0,0.0,0.0,0.0,0.0,0.0
"void at::native::legacy::elementwise_kernel<128, 4, at::native::gpu_kernel_impl<at::native::div_kernel_cuda(at::TensorIterator&)::{lambda()#1}::operator()() const::{lambda()#5}::operator()() const::{lambda(c10::Half)#1}>(at::TensorIterator&, at::native::div_kernel_cuda(at::TensorIterator&)::{lambda()#1}::operator()() const::{lambda()#5}::operator()() const::{lambda(c10::Half)#1} const&)::{lambda(int)#4}>(int, at::native::gpu_kernel_impl<at::native::div_kernel_cuda(at::TensorIterator&)::{lambda()#1}::operator()() const::{lambda()#5}::operator()() const::{lambda(c10::Half)#1}>(at::TensorIterator&, at::native::div_kernel_cuda(at::TensorIterator&)::{lambda()#1}::operator()() const::{lambda()#5}::operator()() const::{lambda(c10::Half)#1} const&)::{lambda(int)#4})",1290177378.41,1,28970880,28311552,0,76438.5,28644896,14155776,0,0,0,0,42467328,5.924650461179372e-05,42467328,0,42467328,1.4825443248249182,1.4658625488766652,1.0,667.563116324789,0.0
"void at::native::legacy::elementwise_kernel<128, 4, at::native::gpu_kernel_impl<at::native::fill_kernel_cuda(at::TensorIterator&, c10::Scalar)::{lambda()#1}::operator()() const::{lambda()#4}::operator()() const::{lambda()#1}>(at::TensorIterator&, at::native::fill_kernel_cuda(at::TensorIterator&, c10::Scalar)::{lambda()#1}::operator()() const::{lambda()#4}::operator()() const::{lambda()#1} const&)::{lambda(int)#4}>(int, at::native::gpu_kernel_impl<at::native::fill_kernel_cuda(at::TensorIterator&, c10::Scalar)::{lambda()#1}::operator()() const::{lambda()#4}::operator()() const::{lambda()#1}>(at::TensorIterator&, at::native::fill_kernel_cuda(at::TensorIterator&, c10::Scalar)::{lambda()#1}::operator()() const::{lambda()#4}::operator()() const::{lambda()#1} const&)::{lambda(int)#4})",1295541857.8,1,6240,0,0,4522.65,11264,0,0,0,0,0,32,3.4909331356379737e-06,0,0,0,0.0,0.0,0.0,0.0,0.0
"void at::native::legacy::elementwise_kernel<128, 4, at::native::gpu_kernel_impl<at::native::gpu_kernel_with_scalars<at::native::mul_kernel_cuda(at::TensorIterator&)::{lambda()#1}::operator()() const::{lambda()#4}::operator()() const::{lambda(float, float)#1}>(at::TensorIterator&, at::native::mul_kernel_cuda(at::TensorIterator&)::{lambda()#1}::operator()() const::{lambda()#4}::operator()() const::{lambda(float, float)#1} const&)::{lambda(float)#2}>(at::TensorIterator&, at::native::mul_kernel_cuda(at::TensorIterator&)::{lambda()#1}::operator()() const::{lambda()#4}::operator()() const::{lambda(float, float)#1})::{lambda(int)#4}>(int, at::native::gpu_kernel_impl<at::native::gpu_kernel_with_scalars<at::native::mul_kernel_cuda(at::TensorIterator&)::{lambda()#1}::operator()() const::{lambda()#4}::operator()() const::{lambda(float, float)#1}>(at::TensorIterator&, at::native::mul_kernel_cuda(at::TensorIterator&)::{lambda()#1}::operator()() const::{lambda()#4}::operator()() const::{lambda(float, float)#1} const&)::{lambda(float)#2}>(at::TensorIterator&, at::native::mul_kernel_cuda(at::TensorIterator&)::{lambda()#1}::operator()() const::{lambda()#4}::operator()() const::{lambda(float, float)#1})::{lambda(int)#4})",2604900200.5699997,2,13824,0,0,10824.099999999999,23616,2,0,0,0,0,128,8.3105679040076e-06,2,0,2,8.468834688346883e-05,0.00014467592592592592,0.015625,0.00022412970698822338,0.0
"void at::native::legacy::elementwise_kernel<128, 4, at::native::gpu_kernel_impl<at::native::threshold_kernel_impl<c10::Half>(at::TensorIterator&, c10::Half, c10::Half)::{lambda(c10::Half, c10::Half)#1}>(at::TensorIterator&, at::native::threshold_kernel_impl<c10::Half>(at::TensorIterator&, c10::Half, c10::Half)::{lambda(c10::Half, c10::Half)#1} const&)::{lambda(int)#4}>(int, at::native::gpu_kernel_impl<at::native::threshold_kernel_impl<c10::Half>(at::TensorIterator&, c10::Half, c10::Half)::{lambda(c10::Half, c10::Half)#1}>(at::TensorIterator&, at::native::threshold_kernel_impl<c10::Half>(at::TensorIterator&, c10::Half, c10::Half)::{lambda(c10::Half, c10::Half)#1} const&)::{lambda(int)#4})",2604123442.21,2,174839360,67239936,0,398992.32,179201536,0,0,0,0,0,174738272,0.0003064311879634965,67239936,0,67239936,0.37521964097450594,0.38458122930671906,0.3848037137508147,204.35932363372825,0.0
"void at::native::legacy::elementwise_kernel<512, 1, at::native::gpu_kernel_impl<at::native::copy_device_to_device(at::TensorIterator&, bool)::{lambda()#1}::operator()() const::{lambda()#4}::operator()() const::{lambda(float)#1}>(at::TensorIterator&, at::native::copy_device_to_device(at::TensorIterator&, bool)::{lambda()#1}::operator()() const::{lambda()#4}::operator()() const::{lambda(float)#1} const&)::{lambda(int)#1}>(int, at::native::gpu_kernel_impl<at::native::copy_device_to_device(at::TensorIterator&, bool)::{lambda()#1}::operator()() const::{lambda()#4}::operator()() const::{lambda(float)#1}>(at::TensorIterator&, at::native::copy_device_to_device(at::TensorIterator&, bool)::{lambda()#1}::operator()() const::{lambda()#4}::operator()() const::{lambda(float)#1} const&)::{lambda(int)#1})",191883453390.38998,148,394560576,65203808,0,1511078.9500000007,391438976,0,0,0,0,0,391223680,0.0011654974967799936,65203808,0,65203808,0.16657464380859202,0.16525677415880496,0.1666663122232274,52.10288182434106,0.0
"void at::native::legacy::elementwise_kernel<512, 1, at::native::gpu_kernel_impl<at::native::copy_device_to_device(at::TensorIterator&, bool)::{lambda()#1}::operator()() const::{lambda()#8}::operator()() const::{lambda(c10::Half)#1}>(at::TensorIterator&, at::native::copy_device_to_device(at::TensorIterator&, bool)::{lambda()#1}::operator()() const::{lambda()#8}::operator()() const::{lambda(c10::Half)#1} const&)::{lambda(int)#1}>(int, at::native::gpu_kernel_impl<at::native::copy_device_to_device(at::TensorIterator&, bool)::{lambda()#1}::operator()() const::{lambda()#8}::operator()() const::{lambda(c10::Half)#1}>(at::TensorIterator&, at::native::copy_device_to_device(at::TensorIterator&, bool)::{lambda()#1}::operator()() const::{lambda()#8}::operator()() const::{lambda(c10::Half)#1} const&)::{lambda(int)#1})",2600638185.39,2,31880896,0,0,65958.58,32618016,0,0,0,0,0,31853568,5.072491849927109e-05,0,0,0,0.0,0.0,0.0,0.0,0.0
"void at::native::legacy::elementwise_kernel<512, 1, at::native::gpu_kernel_impl<at::native::div_kernel_cuda(at::TensorIterator&)::{lambda()#1}::operator()() const::{lambda()#2}::operator()() const::{lambda(float)#1}>(at::TensorIterator&, at::native::div_kernel_cuda(at::TensorIterator&)::{lambda()#1}::operator()() const::{lambda()#2}::operator()() const::{lambda(float)#1} const&)::{lambda(int)#2}>(int, at::native::gpu_kernel_impl<at::native::div_kernel_cuda(at::TensorIterator&)::{lambda()#1}::operator()() const::{lambda()#2}::operator()() const::{lambda(float)#1}>(at::TensorIterator&, at::native::div_kernel_cuda(at::TensorIterator&)::{lambda()#1}::operator()() const::{lambda()#2}::operator()() const::{lambda(float)#1} const&)::{lambda(int)#2})",1296712853.77,1,7091968,0,0,14835.2,6964864,1769472,0,0,0,0,8847360,1.144062076416445e-05,1769472,0,1769472,0.25405693492363957,0.2495036638631195,0.2,144.043688950156,0.0
"void at::native::modern::vectorized_elementwise_kernel<4, at::native::add_kernel_cuda(at::TensorIterator&, c10::Scalar)::{lambda()#1}::operator()() const::{lambda()#10}::operator()() const::{lambda(c10::Half, {lambda()#10})#1}, at::detail::Array<char*, 3> >(int, at::native::add_kernel_cuda(at::TensorIterator&, c10::Scalar)::{lambda()#1}::operator()() const::{lambda()#10}::operator()() const::{lambda(c10::Half, {lambda()#10})#1}, at::detail::Array<char*, 3>)",32540039956.880005,25,1235574336,669067776,205867008,2071472.4100000001,1241592448,205867008,0,0,0,0,1235202048,0.001591479614610941,1080801792,0,1080801792,0.8704964287927112,0.8747363558059529,0.875,632.477537464741,0.0
"void at::native::modern::vectorized_elementwise_kernel<4, at::native::fill_kernel_cuda(at::TensorIterator&, c10::Scalar)::{lambda()#1}::operator()() const::{lambda()#11}::operator()() const::{lambda()#1}, at::detail::Array<char*, 1> >(int, at::native::fill_kernel_cuda(at::TensorIterator&, c10::Scalar)::{lambda()#1}::operator()() const::{lambda()#11}::operator()() const::{lambda()#1}, at::detail::Array<char*, 1>)",81763896472.26997,63,7330624,0,0,270394.99999999994,5826496,0,0,0,0,0,6639488,0.0002083423825793006,0,0,0,0.0,0.0,0.0,0.0,0.0
"void at::native::modern::vectorized_elementwise_kernel<4, at::native::fill_kernel_cuda(at::TensorIterator&, c10::Scalar)::{lambda()#1}::operator()() const::{lambda()#4}::operator()() const::{lambda()#1}, at::detail::Array<char*, 1> >(int, at::native::fill_kernel_cuda(at::TensorIterator&, c10::Scalar)::{lambda()#1}::operator()() const::{lambda()#4}::operator()() const::{lambda()#1}, at::detail::Array<char*, 1>)",392240739442.9304,302,228320576,0,0,1637637.0199999993,205887872,0,0,0,0,0,225820928,0.0012608745862104857,0,0,0,0.0,0.0,0.0,0.0,0.0
"void at::native::modern::vectorized_elementwise_kernel<4, at::native::fill_kernel_cuda(at::TensorIterator&, c10::Scalar)::{lambda()#1}::operator()() const::{lambda()#5}::operator()() const::{lambda()#1}, at::detail::Array<char*, 1> >(int, at::native::fill_kernel_cuda(at::TensorIterator&, c10::Scalar)::{lambda()#1}::operator()() const::{lambda()#5}::operator()() const::{lambda()#1}, at::detail::Array<char*, 1>)",1291045026.88,1,3424,0,0,3842.95,6208,0,0,0,0,0,32,2.9766196530628003e-06,0,0,0,0.0,0.0,0.0,0.0,0.0
"void at::native::modern::vectorized_elementwise_kernel<4, at::native::gpu_kernel_with_scalars<at::native::mul_kernel_cuda(at::TensorIterator&)::{lambda()#1}::operator()() const::{lambda()#4}::operator()() const::{lambda(float, float)#1}>(at::TensorIterator&, at::native::mul_kernel_cuda(at::TensorIterator&)::{lambda()#1}::operator()() const::{lambda()#4}::operator()() const::{lambda(float, float)#1} const&)::{lambda(float)#2}, at::detail::Array<char*, 2> >(int, at::native::gpu_kernel_with_scalars<at::native::mul_kernel_cuda(at::TensorIterator&)::{lambda()#1}::operator()() const::{lambda()#4}::operator()() const::{lambda(float, float)#1}>(at::TensorIterator&, at::native::mul_kernel_cuda(at::TensorIterator&)::{lambda()#1}::operator()() const::{lambda()#4}::operator()() const::{lambda(float, float)#1} const&)::{lambda(float)#2}, at::detail::Array<char*, 2>)",7844721338.030001,6,451721440,0,0,742226.35,451436608,56454720,0,0,0,0,451637760,0.0005676885013634335,56454720,0,56454720,0.12505569774261638,0.12497684413651032,0.125,92.61691060030095,0.0
"void at::native::modern::vectorized_elementwise_kernel<4, at::native::mul_kernel_cuda(at::TensorIterator&)::{lambda()#1}::operator()() const::{lambda()#4}::operator()() const::{lambda(float, float)#1}, at::detail::Array<char*, 3> >(int, at::native::mul_kernel_cuda(at::TensorIterator&)::{lambda()#1}::operator()() const::{lambda()#4}::operator()() const::{lambda(float, float)#1}, at::detail::Array<char*, 3>)",2617400122.18,2,42493504,0,0,77191.7,42684576,3538944,0,0,0,0,42467328,5.898349231810076e-05,3538944,0,3538944,0.08290919886377693,0.08328199999698778,0.08333333333333333,55.87831964450434,0.0
"void at::native::modern::vectorized_elementwise_kernel<4, at::native::threshold_kernel_impl<c10::Half>(at::TensorIterator&, c10::Half, c10::Half)::{lambda(c10::Half, c10::Half)#1}, at::detail::Array<char*, 3> >(int, at::native::threshold_kernel_impl<c10::Half>(at::TensorIterator&, c10::Half, c10::Half)::{lambda(c10::Half, c10::Half)#1}, at::detail::Array<char*, 3>)",91145292357.81999,70,3850287040,801930880,0,6404285.87,3867584960,0,0,0,0,0,3849268224,0.004918520740929274,801930880,0,801930880,0.207346674551139,0.20827820670741473,0.20833333333333334,151.84572174522336,0.0
"void at::native::reduce_kernel<512, at::native::ReduceOp<c10::Half, at::native::func_wrapper_t<c10::Half, at::native::sum_kernel_impl<c10::Half, float, c10::Half>(at::TensorIterator&)::{lambda(float, float)#1}>, unsigned int, c10::Half, 4> >(at::native::ReduceOp<c10::Half, at::native::func_wrapper_t<c10::Half, at::native::sum_kernel_impl<c10::Half, float, c10::Half>(at::TensorIterator&)::{lambda(float, float)#1}>, unsigned int, c10::Half, 4>)",1300746281.62,1,56721184,28311552,29483008,148454.58,59707936,0,0,0,0,0,56631296,0.00011413031280405345,57794560,0,57794560,0.967954410616371,1.0189237234540096,1.0205410096918848,471.613343515318,0.0
"void convertTensor_kernel<float, __half, float>(float, float const*, float, __half*, unsigned long)",3893161293.6400003,3,84973856,0,0,155699.89,86202912,14155776,0,0,0,0,84934656,0.00011997953199706107,14155776,0,14155776,0.16421459172980143,0.16658978027312307,0.16666666666666666,109.88202346315984,0.0
"void cudnn::detail::bn_bw_1C11_kernel_new<__half, float, float2, 512, true, 1>(float, float, float, float, cudnnTensorStruct, __half const*, cudnnTensorStruct, __half const*, cudnnTensorStruct, __half*, float const*, float*, float*, float const*, float const*, float)",20948320657.98,16,4842836832,1937571840,1959509952,16198775.64,4858294944,968814144,1453186944,0,0,0,4850380800,0.012372371727146943,7772269824,0,7772269824,1.599793737018532,1.604900204905355,1.6024040471214136,585.0527694064896,0.0
"void cudnn::detail::bn_bw_1C11_singleread<__half, 512, true, 1, 2, 0>(float, float, float, float, cudnnTensorStruct, __half const*, cudnnTensorStruct, __half const*, cudnnTensorStruct, __half*, float const*, float*, float*, float const*, float const*, float, cudnn::reduced_divisor, int, cudnn::reduced_divisor, cudnn::detail::bnBwPersistentState*, int, float, float, float, int, float, cudnnStatus_t*, bool)",1301957888.72,1,152384,1024,1394176,13747.2,40640,526592,1024,0,0,0,458752,1.0558866856681017e-05,1923840,0,1923840,47.338582677165356,12.624947501049979,4.193638392857143,169.6882483951914,0.0
"void cudnn::detail::bn_bw_1C11_singleread_fp16<512, 1, 2, 0>(float, float, float, float, cudnnTensorStruct, __half2 const*, cudnnTensorStruct, __half2 const*, cudnnTensorStruct, __half2*, float const*, float*, float*, float const*, float const*, float, cudnn::reduced_divisor, int, cudnn::reduced_divisor, cudnn::detail::bnBwPersistentState*, int, float, float, float, int, float, cudnnStatus_t*, bool)",77565877561.80998,60,1871618016,1239957504,1173941248,4312758.659999999,1859461280,402152016,642940928,0,0,0,1931693056,0.0033360741570131434,4101932624,0,4101932624,2.205979047867025,2.191650533887573,2.123490898959881,1145.1251598385422,0.0
"void cudnn::detail::dgrad_engine<__half, 128, 6, 8, 3, 3, 5, true>(int, int, int, __half const*, int, __half const*, int, __half*, kernel_grad_params, int, int, float, int, int, int)",1308199411.5,1,578188992,28311552,0,1861562.52,227075264,0,3652190208,0,0,0,1019215808,0.0014229959925341244,7332691968,0,7332691968,32.29190110288719,12.682171520830337,7.194444896207889,4799.101050410185,0.0
"void cudnn::detail::wgrad_alg1_engine<__half, 128, 6, 8, 3, 3, 5, true, true>(int, int, int, __half const*, int, float*, __half const*, kernel_grad_params, int, float, float, int, int, int*, int*, int, int)",3935490245.58,3,4720346848,284295168,14155776,24432097.76,443166400,28311552,97844723712,0,0,0,20086597504,0.01862443779712579,196016209920,0,196016209920,442.3083742810827,41.52580652056355,9.758557161359247,9801.870170665508,0.0
"void dgrad2d_c1_k1_nchw_shmem_tiling_kernel<__half, float, 3, 3, 1, 1, 4, 4, 10, 40, 8, true, true>(cudnnTensorStruct, __half const*, cudnnFilterStruct, __half const*, cudnnConvolutionStruct, cudnnTensorStruct, __half*, float, float, cudnn::reduced_divisor)",9060747763.79,7,1217164160,603072000,0,1540781.5899999999,751667584,214425600,1929830400,0,0,0,1360715168,0.0011903511069034072,4677158400,0,4677158400,6.222376086927277,3.8426685189284573,3.437279535051086,3659.3767819513455,0.0
"void dgrad2d_grouped_direct_kernel<__half, float, float, true, 0, 3, (cudnnTensorFormat_t)0>(cudnnTensorStruct, __half const*, cudnnFilterStruct, __half const*, cudnnConvolutionStruct, cudnnTensorStruct, __half*, float, float, cudnn::reduced_divisor, cudnn::reduced_divisor, cudnn::reduced_divisor, cudnn::reduced_divisor, cudnn::reduced_divisor, cudnn::reduced_divisor, cudnn::reduced_divisor)",1312309989.6,1,16984219712,40768634880,0,86111522.85,51464832,14155776,20384317440,0,0,0,80137654624,0.06561827886126761,81551425536,0,81551425536,1584.604911097349,4.801599774311728,1.0176417804917466,1157.4622942233445,0.0
"void dgrad2d_grouped_direct_kernel<__half, float, float, true, 1, 3, (cudnnTensorFormat_t)0>(cudnnTensorStruct, __half const*, cudnnFilterStruct, __half const*, cudnnConvolutionStruct, cudnnTensorStruct, __half*, float, float, cudnn::reduced_divisor, cudnn::reduced_divisor, cudnn::reduced_divisor, cudnn::reduced_divisor, cudnn::reduced_divisor, cudnn::reduced_divisor, cudnn::reduced_divisor)",1309673493.11,1,56101216,90574848,0,783550.03,52121312,20832448,45287424,0,0,0,334741120,0.0005982789100658613,201982144,0,201982144,3.8752313832775354,3.600316684757778,0.6033980647492606,314.41945756658254,0.0
"void multi_tensor_apply_kernel<TensorListMetadata<2>, ScaleFunctor<float, float>, float>(int, int volatile*, TensorListMetadata<2>, ScaleFunctor<float, float>, float)",10464623860.199999,8,451953472,0,0,866064.94,452722240,56454720,0,0,0,0,449166176,0.0006620896854545504,56454720,0,56454720,0.12470056695248724,0.1249126812770674,0.12568782561222955,79.41153039334755,0.0
"void multi_tensor_apply_kernel<TensorListMetadata<3>, AxpbyFunctor<float, float, float>, float, float, int>(int, int volatile*, TensorListMetadata<3>, AxpbyFunctor<float, float, float>, float, float, int)",9163573172.300001,7,677842592,0,0,1149826.95,678562816,56454720,56454720,0,0,0,677456640,0.0008783460882191878,169364160,0,169364160,0.24959245630105378,0.24985765426791004,0.25,179.57917460369708,0.0
"void nchwToNhwcKernel<__half, __half, float, true, false>(int, int, int, int, __half const*, __half*, float, float)",298879449388.6001,231,8824579456,2039998976,0,19575282.49000001,8581822176,2039998976,0,0,0,0,8638177888,0.015129478672555655,4079997952,0,4079997952,0.47542326889622094,0.4623447465506055,0.47232159431074683,251.1516939427142,0.0
"void nhwcToNchwKernel<__half, __half, float, true, false>(int, int, int, int, __half const*, __half*, float, float)",101093445003.65001,78,1526501344,89047232,0,6013701.740000001,387313792,89047232,0,0,0,0,1520640416,0.004639952033517744,178094464,0,178094464,0.4598195769904316,0.11666839646097292,0.1171180656032228,35.74679081574375,0.0
"void scalePackedTensor_kernel<__half, float>(cudnnTensor4dStruct, __half*, float)",2615328647.14,2,57694144,0,0,249562.59,57920704,0,0,0,0,0,57671680,0.00019084606462205803,0,0,0,0.0,0.0,0.0,0.0,0.0
"void spatialDepthwiseConvolutionAccGradParameters<c10::Half, float, unsigned int>(THCDeviceTensor<c10::Half, 4, int, DefaultPtrTraits>, THCDeviceTensor<c10::Half, 4, int, DefaultPtrTraits>, THCDeviceTensor<c10::Half, 4, int, DefaultPtrTraits>, int, int, int, int, int, int, int, int, int, int, int, int, int, int, int, int)",71812987203.51999,55,9928817472,5420556288,23178960,16960489.209999997,1551313216,0,2710278144,0,0,0,13199329376,0.012989668622283358,10864291536,0,10864291536,7.003286908115917,1.094218074472424,0.8230942062673473,778.9390367759878,0.0
"void spatialDepthwiseConvolutionUpdateGradInput<c10::Half, float, unsigned int, 3, 1>(THCDeviceTensor<c10::Half, 4, int, DefaultPtrTraits>, THCDeviceTensor<c10::Half, 4, int, DefaultPtrTraits>, THCDeviceTensor<c10::Half, 4, int, DefaultPtrTraits>, unsigned int, int, int, int, int, int, int, int, int, int, int, int, int, int, int, int)",69100867609.89998,53,1278286176,5038350336,0,13457521.840000002,1181829824,0,2519175168,0,0,0,10566532352,0.010321848077893223,10076700672,0,10076700672,8.52635503637451,7.8829771151338806,0.9536431003396033,909.20334640229,0.0
"void spatialDepthwiseConvolutionUpdateGradInput<c10::Half, float, unsigned int, 3, 2>(THCDeviceTensor<c10::Half, 4, int, DefaultPtrTraits>, THCDeviceTensor<c10::Half, 4, int, DefaultPtrTraits>, THCDeviceTensor<c10::Half, 4, int, DefaultPtrTraits>, unsigned int, int, int, int, int, int, int, int, int, int, int, int, int, int, int, int)",2615532083.46,2,256795008,382205952,0,3777140.55,214945824,0,191102976,0,0,0,1316194848,0.0028882387441436746,764411904,0,764411904,3.5563003261696307,2.976739734753722,0.5807741195473818,246.48726284955134,0.0
"void splitKreduce_kernel<__half, __half, float>(cublasSplitKParams<float>, __half const*, __half const*, __half*, float const*, float const*)",2600313229.5699997,2,1115776,442368,0,19421.68,1984192,13824,13824,0,0,0,1067744,1.4937954227315654e-05,483840,0,483840,0.24384736960939263,0.43363542503154756,0.453142326250487,30.16551715481644,0.0
"void wgrad2d_grouped_direct_kernel<__half, float, float, (cudnnTensorFormat_t)0>(cudnnTensorStruct, __half const*, cudnnTensorStruct, __half const*, cudnnConvolutionStruct, cudnnFilterStruct, __half*, float, float, cudnn::reduced_divisor, cudnn::reduced_divisor, cudnn::reduced_divisor, cudnn::reduced_divisor, cudnn::reduced_divisor, cudnn::reduced_divisor, int)",1303647483.74,1,88791360,90574848,845208,248180.67,55085696,6552,45287424,0,0,0,314657248,0.00019037406438127046,182001456,0,182001456,3.3039694370023027,2.0497653825777644,0.5784117707658842,890.363217997051,0.0
"void wgrad2d_shmem_tiling_kernel<__half, float, (cudnnTensorFormat_t)0, 8, 6, 80, 5, 3, 3, 1, 1, 1, 1, 0, 1, true>(cudnnTensorStruct, __half const*, cudnnTensorStruct, __half const*, cudnnConvolutionStruct, cudnnFilterStruct, __half*, float, float)",9163620637.519999,7,682835744,2395340800,6116328,6149406.949999999,677210688,23256,6467443416,0,0,0,973919232,0.004697471703897351,15336367216,0,15336367216,22.64637503181285,22.45981899857896,15.747062705092983,3040.5941538728753,0.0
volta_fp16_s884cudnn_fp16_128x128_ldg8_dgrad_f2f_exp_interior_nhwc2nchw_tt_v1,84059157093.25,65,11119579328,0,0,15215852.119999994,3129609120,0,468910080,0,1189527552,0,11208111904,0.011765885145657965,937820160,609038106624,609975926784,194.90482785402926,54.85602546564251,54.42271918843968,48282.33010548986,48208.09743407373
volta_fp16_s884cudnn_fp16_128x128_ldg8_dgrad_f2f_exp_large_nhwc2nchw_tt_v1,1307042731.21,1,865017184,0,0,1055252.9,62574336,0,14155776,0,127401984,0,915929248,0.0008073591435094822,28311552,65229815808,65258127360,1042.8896498398321,75.44142309200646,71.24800032589417,75277.98214226356,75245.32358168122
volta_fp16_s884cudnn_fp16_128x128_ldg8_dgrad_f2f_exp_medium_nhwc2nchw_tt_v1,1307205632.73,1,928201984,0,0,1022329.93,62191168,0,14155776,0,127401984,0,979620096,0.0007820727698862048,28311552,65229815808,65258127360,1049.3150307130427,70.3059554761736,66.61574994884548,77711.90805728122,77678.19356354704
volta_fp16_s884cudnn_fp16_128x128_ldg8_dgrad_f2f_exp_small_nhwc2nchw_tt_v1,2618597734.1000004,2,4646580864,0,0,4949368.07,439669376,0,70778880,0,637009920,0,4817273856,0.0037801667705949305,141557760,326149079040,326290636800,742.1272770200852,70.22166327244616,67.73346223478643,80388.47341374689,80353.5977202919
volta_fp16_s884cudnn_fp16_256x128_ldg8_dgrad_f2f_exp_interior_nhwc2nchw_tt_v1,2589565480.25,2,455038144,0,0,774907.0700000001,343873088,0,56623104,0,56623104,0,439650304,0.0005984842444881444,113246208,28991029248,29104275456,84.63667693588165,63.96007859947671,66.19869289570649,45290.19602376006,45113.96958008784
volta_fp16_s884cudnn_fp16_256x64_ldg8_dgrad_f2f_exp_interior_nhwc2nchw_tt_v1,1305078125.0,1,1364288,0,0,34364.6,1579264,0,524288,0,524288,0,1220608,2.6331450463932952e-05,1048576,268435456,269484032,170.63900145890744,197.5272317868368,220.7785234899329,9531.437048778258,9494.349745086514
volta_fp16_s884cudnn_fp16_256x64_ldg8_dgrad_f2f_exp_small_nhwc2nchw_tt_v1,1304225096.23,1,588420768,0,0,664054.2,91924800,0,28311552,0,63700992,0,602696480,0.0005091561279717118,56623104,32614907904,32671531008,355.4158508694063,55.52409565530495,54.20892952286697,59761.10804403504,59657.535933040184
volta_fp16_s884gemm_fp16_128x256_ldg8_f2f_tn,5216254699.43,4,1953457024,0,0,3325418.99,727264128,9437184,9437184,9437184,318504960,0,1848184256,0.00255004341744538,37748736,163074539520,163112288256,224.28204826293867,83.49929701652859,88.25542568413698,59571.59600136644,59557.809471396205
volta_fp16_s884gemm_fp16_128x64_ldg8_f2f_tn,2570766076.79,2,201027968,0,0,215397.5,43940992,2359296,2359296,2359296,15925248,0,190409632,0.00016757456226352353,9437184,8153726976,8163164160,185.77560015031068,40.607106768347776,42.871592546326646,45368.0973997977,45315.64873228349
volta_fp16_s884gemm_fp16_256x128_ldg8_f2f_nn,7785961480.28,6,2147217920,0,0,3112507.3200000003,910259904,53215232,15990784,15990784,335020032,0,2102563552,0.002398553340817248,101187584,171530256384,171631443968,188.5521302364209,79.93200986698173,81.62961057930485,66641.93602081286,66602.64638749669
volta_fp16_scudnn_fp16_128x128_stridedB_splitK_interior_nn_v1,1305354080.93,1,2429504,0,0,29113.67,2527136,524288,4718592,0,0,0,2361760,2.2303274203776153e-05,9961472,0,9961472,3.9418028946602,4.100208108321699,4.217817221055484,415.96330947808815,0.0
volta_fp16_sgemm_fp16_128x64_nn,2619909731.66,2,345499488,0,0,910587.0800000001,251069248,113246208,3623878656,0,0,0,474271136,0.0006951285908793838,7361003520,0,7361003520,29.318618582870013,21.30539631942957,15.520665208687715,9862.159088187378,0.0
volta_fp16_sgemm_fp16_32x32_sliced1x4_tn,2621619142.66,2,570920640,0,1474560,1129229.5,257554976,1966080,3633315840,0,0,0,601981376,0.0008614748661426377,7270072320,0,7270072320,28.22726406963304,12.733945509484471,12.076905714770817,7859.524098503484,0.0
